{
  "timestamp": "20260629_1126",
  "comment": "Initially trained with only ground kerr, then retrained with state dependent kerr, and slightly different dephasing",
  "save_name": "fg_trained/binomial04",
  "run_folder": "/home/user/python_experiments/train_feedback_grape/fg_trained/binomial04/20260629_1126",
  "parameters": {
    "N_cav": 25,
    "ndt_drive": 200,
    "t_idle_us": 10.0,
    "sigma_e_deg": 6.0,
    "sigma_g_deg": 2.0,
    "add_kerr_during_readout": false,
    "readout_length_ns": 2596,
    "chi": -4.152227358835029,
    "chi_over_2pi_MHz": -0.660847509,
    "Kc_g": -0.004466716434873968,
    "Kc_g_over_2pi_MHz": -0.0007109000000000001,
    "Kc_e": -0.002243097154663112,
    "Kc_e_over_2pi_MHz": -0.00035699999999999995,
    "t1_qub_us": 44.7,
    "t2_qub_us": 34.2,
    "t1_cav_us": 231.9
  },
  "training": {
    "batch_size": 32,
    "num_time_steps_train": 16,
    "num_time_steps_test": 150,
    "init_lr": 5e-05,
    "final_lr": 1e-06,
    "constant_steps": 1000,
    "decay_steps": 8000,
    "total_steps": 9000,
    "num_mean_fids_train": 162,
    "final_mean_fid_train": 0.7959215641021729,
    "mean_fids_train": [
      0.7050142288208008,
      0.7359495162963867,
      0.7300581932067871,
      0.7405999898910522,
      0.7806155681610107,
      0.7358090877532959,
      0.75758957862854,
      0.7660508155822754,
      0.7566210627555847,
      0.7809836864471436,
      0.7543623447418213,
      0.7371553182601929,
      0.7586350440979004,
      0.7520898580551147,
      0.7441167831420898,
      0.7583356499671936,
      0.7550876140594482,
      0.7665731310844421,
      0.7426366806030273,
      0.746099054813385,
      0.7482966184616089,
      0.7296609282493591,
      0.733892023563385,
      0.7570587992668152,
      0.7590687274932861,
      0.7025631666183472,
      0.7552266120910645,
      0.7566370368003845,
      0.7744476795196533,
      0.7476023435592651,
      0.7242348194122314,
      0.7695965766906738,
      0.7337347269058228,
      0.7434098720550537,
      0.7611591815948486,
      0.7239875197410583,
      0.7528954744338989,
      0.7536647915840149,
      0.7554046511650085,
      0.7859865427017212,
      0.7310020327568054,
      0.7544448375701904,
      0.7524551153182983,
      0.7654016017913818,
      0.7406014204025269,
      0.7621867656707764,
      0.7365384101867676,
      0.7208437919616699,
      0.7219594717025757,
      0.7824196815490723,
      0.7051771879196167,
      0.7301669120788574,
      0.7267655730247498,
      0.7490419745445251,
      0.7517098784446716,
      0.7369282841682434,
      0.7223058938980103,
      0.7582402229309082,
      0.7696680426597595,
      0.7483202219009399,
      0.7751011848449707,
      0.7555637955665588,
      0.7171456813812256,
      0.7352757453918457,
      0.7455498576164246,
      0.7324650287628174,
      0.7687476873397827,
      0.7481480836868286,
      0.7435035705566406,
      0.7696272730827332,
      0.7450064420700073,
      0.7430496215820312,
      0.7126457095146179,
      0.7487282752990723,
      0.7676407098770142,
      0.7442642450332642,
      0.7291363477706909,
      0.743311882019043,
      0.7231165170669556,
      0.7380757927894592,
      0.7486714720726013,
      0.7589523196220398,
      0.741381049156189,
      0.7528737187385559,
      0.7578718662261963,
      0.7394324541091919,
      0.7636860609054565,
      0.7541810274124146,
      0.7663599252700806,
      0.7250479459762573,
      0.7273707985877991,
      0.7607146501541138,
      0.7565405368804932,
      0.773722767829895,
      0.7315123677253723,
      0.7477161884307861,
      0.7413115501403809,
      0.761789083480835,
      0.7474574446678162,
      0.7635171413421631,
      0.7575283646583557,
      0.7365530133247375,
      0.7396730780601501,
      0.7487912178039551,
      0.7323976755142212,
      0.7727115154266357,
      0.7394077777862549,
      0.7268390655517578,
      0.7674662470817566,
      0.7329596281051636,
      0.7650555968284607,
      0.7794188261032104,
      0.7613247632980347,
      0.7725238800048828,
      0.7720123529434204,
      0.7562380433082581,
      0.7682470083236694,
      0.7402899861335754,
      0.7380709052085876,
      0.7459644675254822,
      0.7560806274414062,
      0.7579765915870667,
      0.7508261203765869,
      0.7584812045097351,
      0.7443844676017761,
      0.7469131946563721,
      0.7451359033584595,
      0.7545700669288635,
      0.757387638092041,
      0.743630588054657,
      0.725447416305542,
      0.7726742029190063,
      0.744611382484436,
      0.7624387741088867,
      0.7681798338890076,
      0.7369123697280884,
      0.6964408159255981,
      0.7377145290374756,
      0.7272298336029053,
      0.710712194442749,
      0.7704907655715942,
      0.7409628629684448,
      0.7631721496582031,
      0.789763331413269,
      0.7373591065406799,
      0.7650949954986572,
      0.7590807676315308,
      0.7350416779518127,
      0.7583075165748596,
      0.7400007247924805,
      0.7302963733673096,
      0.7665634155273438,
      0.7333297729492188,
      0.7644752264022827,
      0.7664071321487427,
      0.7505760192871094,
      0.7511962652206421,
      0.7696242332458496,
      0.7414035797119141,
      0.737404465675354,
      0.7616908550262451,
      0.7959215641021729
    ]
  }
}